taxon_name,n_plots_present,n_matrix_cells
*Caltha palustris,6,14
*Campylopus atrovirens,8,15
*Dactylorchis maculata,6,29
*Drepanocladus revolvens,13,22
*Eurhynchium praelongum,4,13
*Eurhynchium striatum,1,13
*H. cupressiforme,2,13
*Hypnum cupressiforme,17,39
*Parmelia glabratula,3,7
*Plagiochila asplenioides,3,19
*Salix repens,0,27
*Trichostomum brachydontium,7,8
A. glabra,12,25
A. marinum,7,8
A. pearsonii,0,11
A. ruta-muraria,3,5
A. sarmentosum,10,22
A. tenuis,2,33
A. trichomanes,19,19
A. trifarium,2,22
A. viride,11,33
A. xanthochlora,1,12
Achillea millefolium,7,36
Achillea ptarmica,2,15
Acrocladium cordifolium,1,5
Acrocladium cuspidatum,40,114
Acrocladium giganteum,4,20
Acrocladium sarmentosum,2,22
Acrocladium stramineum,1,5
Adelanthus decipiens,4,26
Adoxa moschatellina,1,13
Aegopodium podagraria,1,2
Agropyron junceiforme,2,2
Agropyron repens,2,9
Agrostis canina,36,137
Agrostis stolonifera,33,52
Agrostis tenuis,25,61
Ajuga reptans,3,37
Alchemilla alpina,39,108
Alchemilla filicaulis,1,12
Alchemilla glabra,1,12
Alchemilla xanthochlora,4,42
Allium ursinum,11,51
Alnus glutinosa,1,1
Alopecurus geniculatus,1,1
Alopecurus pratensis,1,12
Amblystegium serpens,1,17
Ammophila arenaria,1,2
Amphidium mougeotii,2,11
Anagallis tenella,1,7
Anaptychia fusca,3,9
Anastrepta orcadensis,5,28
Andreaea alpina,1,28
Andreaea rothii,4,18
Andyllis vulneraria,1,14
Anemone nemorosa,14,49
Angelica sylvestris,26,69
Anoectangium aestivum,8,25
Anomobryum filiforme,1,8
Anomodon viticulosus,2,10
Antennaria dioica,15,70
Anthelia julacea,4,40
Anthoxanthum odoratum,57,197
Anthyllis vulneraria,1,5
Antitrichia curtipendula,2,7
Aphanolejeunea microscopica,4,19
Arabis hirsuta,1,5
Arctostaphylos uva-ursi,1,5
Arctostaphylus uva-ursi,10,26
Armeria maritima,51,100
Arrhenatherum elatius,14,55
Arum maculatum,1,13
Ascophyllum nodosum,5,12
Asplenium adiantum-nigrum,5,20
Asplenium ruta-muraria,6,14
Asplenium trichomanes,1,19
Asplenium viride,4,11
Aster tripolium,6,29
Astrantia major,1,2
Athyrium filix-femina,12,32
Atrichum undulatum,4,35
Atriplex glabriuscula,9,9
Aulacomnium cuspidatum,1,8
Aulacomnium palustre,13,67
B. capillare,2,2
B. tricrenata,0,11
B. weigelii,4,14
Baldellia ranunculoides,3,11
Barbula fallax,3,22
Barbula ferruginascens,1,7
Bartsia alpina,2,25
Bazzania tricrenata,3,6
Bazzania trilobata,5,51
Bellis perennis,18,73
Berula erecta,2,2
Betula pubescens,0,12
Betula pubescens ssp. odorata,22,32
Blechnum spicant,24,108
Blepharostoma trichophyllum,5,12
Blindia acuta,29,53
Blysmus rufus,5,22
Brachypodium sylvaticum,10,10
Brachythecium plumosum,2,14
Brachythecium rutabulum,5,28
Brachythecium striatum,4,13
Breutelia chrysocoma,38,121
Breutelia chrysocooma,25,99
Bryum argenteum,1,2
Bryum bicolor,2,8
Bryum capillare,2,10
Bryum pseudotriquetrum,27,89
C. binervis,0,11
C. coccifera,8,27
C. connivens,4,12
C. demissa,8,14
C. diandra,1,6
C. dioica,21,46
C. echinata,44,78
C. flacca,31,71
C. flexuosus,4,35
C. hostiana,19,45
C. impexa,3,20
C. lasiocarpa,6,8
C. lepidocarpa,4,22
C. limosa,11,30
C. lutetiana,2,5
C. media,3,12
C. nigra,54,116
C. pallescens,2,14
C. panicea,66,186
C. pauciflora,5,15
C. pilulifera,8,53
C. pulicaris,39,114
C. rangiferina,4,48
C. rostrata,39,79
C. scandinavica,5,17
C. serotina,2,7
C. setifolius,8,29
C. shawii,7,23
C. sylvatica,2,13
C. uncialis,40,116
Calamagrostis epigejos,1,9
Calamagrostis purpurea,1,5
Callitriche stagnalis,1,6
Calluna vulgaris,121,212
Caltha palustris,21,80
Calypogeia fissa,2,16
Calypogeia muellerana,5,20
Calypogeia sphagnicola,1,15
Campanula rotundifolia,1,9
Camptothecium sericeum,12,37
Campylium molluscum,0,14
Campylium protensum,2,5
Campylium stellatum,42,73
Campylopus atrovirens,23,84
Campylopus flexuosus,10,27
Campylopus introflexus,1,9
Cardamine flexuosa,14,38
Cardamine pratensis,10,34
Cardaminopsis petraea,4,4
Carex acuta,1,14
Carex arenaria,2,2
Carex bigelowii,34,108
Carex binervis,8,33
Carex curta,5,22
Carex demissa,32,81
Carex dioica,4,32
Carex echinata,34,69
Carex extensa,5,17
Carex flacca,13,46
Carex hostiana,3,24
Carex lepidocarpa,1,7
Carex limosa,4,24
Carex nigra,11,46
Carex ovalis,4,23
Carex panicea,4,30
Carex paniculata,1,3
Carex pauciflora,2,13
Carex pilulifera,1,5
Carex pulicaris,2,14
Carex rostrata,13,58
Carex sylvatica,2,5
Carlina vulgaris,0,14
Centaurea nigra,17,57
Centidium molluscum,3,6
Cephalozia bicuspidata,18,52
Cephalozia connivens,1,15
Cephalozia macrostachya,1,15
Cephalozia media,1,15
Cerastium holosteoides,17,88
Cerastium holostoides,1,5
Cerastium maritimum,1,5
Ceratodon purpureus,4,8
Cetraria glauca,1,13
Cetraria islandica,9,65
Chaerophyllum temulentum,1,7
Chara sp.,1,6
Chara spp.,3,17
Cherleria sedoides,1,4
Chiloscyphus pallescens,7,19
Chrysosplenium oppositifolium,13,58
Cinclidium stygium,4,37
Circaea intermedia,2,18
Cirriphyllum piliferum,2,14
Cirsium heterophyllum,13,36
Cirsium palustre,10,35
Cirsium vulgare,6,19
Cladonia arbuscula,25,113
Cladonia bellidiflora,2,14
Cladonia crispata,1,8
Cladonia impexa,1,17
Cladonia pyxidata,2,13
Cladonia subervicornis,2,7
Cladonia uncialis,0,15
Cladopodiella fluitans,1,5
Climacium dendroides,2,10
Cochlearia officinalis agg.,9,52
Collema crispum,5,5
Collema furfuraceum,1,3
Cololejeunea calcarea,4,21
Cololejeunea microscopica,1,6
Conocephalum conicum,10,38
Conopodium majus,10,51
Cornicularia aculeata,0,42
Corylus avellana,16,37
Crataegus monogyna,3,5
Cratoneuron commutatum,14,41
Cratoneuron filicinum,7,25
Crepis paludosa,10,51
Crypotgamma crispa,1,5
Ctenidium molluscum,30,57
Cynosurus cristatus,22,53
Cystopteris fragilis,14,44
D. cespitosa,0,25
D. dilatata,4,32
D. filix-mas,5,26
D. flexicaule,0,14
D. flexuosa,3,13
D. fuscescens,0,11
D. majus,2,6
D. revolvens,3,14
D. rotundifolia,28,42
D. scoparium,1,30
D. scottianum,4,13
Dactylis glomerata,13,32
Dactylorchis fuchsii,3,10
Dactylorchis maculata,4,14
Dactylorchis purpurella,1,11
Dactylorhiza fuchsii,2,14
Dactylorhiza incarnata,1,7
Dactylorhiza maculata,6,15
Dactylorhiza purpurea,3,12
Dactylorhiza purpurella,1,7
Deschampsia alpina,1,4
Deschampsia cespitosa,44,97
Deschampsia flexuosa,89,207
Dichodontium pellucidum,2,11
Dicranella palustris,10,26
Dicranodontium,2,14
Dicranodontium denudatum,6,12
Dicranodontium scoparium,5,14
Dicranodontium sp.,2,15
Dicranodontium uncinatum,1,6
Dicranum bonjeanii,1,16
Dicranum fuscescens,0,31
Dicranum majus,20,40
Dicranum scoparium,43,121
Dicranum scottianum,1,6
Digitalis purpurea,4,30
Dimerella lutea,4,13
Diplophyllum albicans,36,113
Ditrichum capillaceum,2,27
Ditrichum flexicaule,6,16
Douinia ovata,1,13
Drepanocladus aduncus,3,5
Drepanocladus exannulatus,3,14
Drepanocladus fluitans,2,8
Drepanocladus revolvens,20,48
Drepanocladus uncinatus,0,14
Drosera anglica,31,57
Drosera intermedia,1,7
Drosera rotundifolia,29,72
Dryas octopetala,15,21
Dryopteris aemula,2,12
Dryopteris borreri,19,50
Dryopteris filix-mas,8,12
E. anagallidifolium,4,14
E. latifolium,14,22
E. quinqueflora,18,28
E. striatum,3,19
E. tetralix,21,23
E. vaginatum,25,34
Eleocharis multicaulis,4,19
Eleocharis palustris,29,94
Eleocharis quinqueflora,4,7
Eleogiton fluitans,5,17
Empetrum hermaphroditum,15,65
Empetrum hermaphroditum var. micropetalum,1,11
Empetrum nigrum,27,96
Encalypta streptocarpa,3,5
Endymion non-scriptus,23,63
Epilobium alsinifolium,3,14
Epilobium montanum,12,45
Epilobium palustre,10,32
Epilobium sp.,1,12
Epipactis atrorubens,2,5
Equisetum arvense,3,9
Equisetum fluviatile,33,48
Equisetum palustre,34,102
Erica cinerea,23,99
Erica tetralix,49,71
Eriocaulon septangulare,3,14
Eriophorum angustifolium,82,135
Eriophorum vaginatum,4,17
Eucladium verticillatum,3,21
Euphrasia brevipila,9,23
Euphrasia confusa and E. nemorosa,4,5
Euphrasia frigida,4,14
Euphrasia micrantha,10,34
Euphrasia officinalis agg.,9,47
Euphrasia scottica,16,43
Eurhynchium praelongum,6,29
F. cristatus,2,11
F. germana,10,13
F. hisupina,0,11
F. rubra,22,74
F. tamarisci,13,27
F. tamarisi,3,7
F. taxifolius,1,14
F. vivipara,35,161
Festuca gigantea,1,5
Festuca ovina,58,204
Festuca rubra,44,102
Festuca vivipara,14,52
Filipendula ulmaria,40,80
Fissidens adianthoides,7,39
Fissidens cristatus,17,38
Fissidens taxifolius,2,5
Fragaria vesca,8,24
Fraxinus excelsior,8,24
Frullania dilatata,12,16
Frullania fragilifolia,0,14
Frullania germana,4,13
Frullania tamarisci,21,93
G. recurvirostrum,4,11
G. robertianum,3,14
G. saxatile,2,24
Galium aparine,7,14
Galium boreale,1,10
Galium odoratum,1,14
Galium palustre,20,45
Galium saxatile,75,192
Galium verum,5,19
Gentianella campestris,1,9
Geranium robertianum,19,37
Geranium sylvaticum,1,14
Geum rivale,16,63
Glaux maritima,31,52
Glechoma hederacea,1,5
Glyceria fluitans,3,9
Glyceria maxima,1,14
Glyphomitrium daviesii,3,7
Graphis scripta,1,13
Grimmia apocarpa,5,5
Grimmia hartmanii,2,6
Grimmia maritima,18,39
Grimmia trichophylla,4,7
Gyalecta jenensis,5,19
Gymnadenia conopsea,2,15
Gymnocolea inflata,6,20
Gymnomitrion concinnatum,0,17
Gymnosperma (Sphaerophorus) globosus,0,14
Gymnostomum aeruginosum,4,11
Gymnostomum recurvirostrum,1,4
H. cupressiforme var. resupinatum,13,13
H. splendens,24,53
H. umbratum,5,20
Hedera helix,5,5
Hedwigia ciliata,7,7
Helictotrichon pratense,1,5
Heracleum sphondylium,11,50
Herberta adunca,3,11
Herberta straminea,0,14
Heterocladium heteropterum,12,19
Hieracium pilosella,7,50
Hieracium sp.,2,14
Holcus lanatus,23,98
Honkenya peploides,2,2
Hookeria lucens,2,21
Hydrocotyle vulgaris,3,15
Hylocomium brevirostre,28,72
Hylocomium flagellare,2,25
Hylocomium splendens,44,164
Hymenophyllum wilsonii,41,89
Hypericum androsaemum,3,10
Hypericum puchrm,0,14
Hypericum pulchrum,24,129
Hypericum tetrapterum,2,12
Hypnum callichroum,0,19
Hypnum cupressiforme,51,130
Hypnum cupressiforme var. ericetorum,1,7
Hypnum cupressiforme var. filiforme,8,13
Hypnum cupressiforme var. resupinatum,3,3
Hypochaeris radicata,2,12
I. myurum,5,45
Ilex aquifolium,1,13
Iris pseudacorus,7,23
Isoetes lacustris,1,11
Isopterygium pulchellum,2,14
Isothecium myosuroides,65,134
J. articulatus,5,15
J. biglumis,5,14
J. bufonius,2,5
J. bulbosus,13,33
J. effusus,10,26
J. gerardii,7,14
J. kochii,21,56
J. squarrosus,16,37
J. triglumis,8,36
Juncus acutiflorus,12,15
Juncus articulatus,37,106
Juncus biglumis,1,4
Juncus bufonius,4,9
Juncus bulbosus,5,19
Juncus effusus,11,51
Juncus gerardii,12,17
Juncus kochii,4,29
Juncus squarrosus,28,63
Juncus trifidus,1,11
Juniperus communis ssp. nana,11,41
Koenigia islandica,9,18
L. muelleri,1,11
L. multiflora,1,13
L. pratensis,3,15
L. pulmonaria,7,13
L. reptans,12,12
L. scrobiculata,2,13
L. selago,3,37
L. sylvatica,2,51
L. tricodes,0,6
L. ventricosa,11,12
Lathyrus linifolius,3,12
Lathyrus montanus,13,55
Lathyrus pratensis,2,9
Lecanora allophana,1,13
Lecanora chlarotera,1,3
Lecanora dispersa,3,7
Lecidea cyathoides,7,7
Leiocolea bantriensis,3,32
Leiocolea muelleri,2,11
Lejeunea cavifolia,7,19
Lejeunea patens,4,6
Lejeunea ulicina,11,16
Leontodon autumnalis,24,73
Lepidozia pinnata,2,12
Lepidozia reptans,15,54
Lepidozia setacea,5,29
Leptodontium recurvifolium,0,14
Leptogium burgessii,4,13
Leucanthemum vulgare,9,12
Leucobryum glaucum,4,33
Ligusticum scoticum,5,34
Linum catharticum,14,112
Listera ovata,4,24
Littorella uniflora,9,11
Lobaria laetevirens,8,13
Lobaria pulmonaria,1,7
Lobelia dortmanna,9,19
Lobelia urens,1,5
Lolium perenne,9,20
Lonicera periclymenum,7,64
Lophocolea bidentata,7,25
Lophocolea cuspidata,3,15
Lophocolea heterophylla,2,12
Lophozia incisa,10,17
Lophozia ventricosa,4,34
Lotus corniculatus,23,103
Lotus pedunculatus,1,10
Luzula alpina,0,23
Luzula campestris,16,57
Luzula multiflora,4,34
Luzula spicata,7,36
Luzula sylvatica,22,32
Lychnis flos-cuculi,14,40
Lycopodium alpinum,7,48
Lycopodium elevation,1,8
Lycopodium selago,4,36
Lycopus europaeus,2,9
Lysimachia nemorum,8,56
M. furcata,2,3
M. punctatum,1,14
M. rugicum,2,14
M. seligeri,3,5
M. undulatum,6,27
Marchantia marginata,1,6
Marchesinia mackaii,2,10
Marsupella aquatica,4,14
Marsupella emarginata,2,10
Marsupella marginata,4,6
Mastigophora woodsii,4,20
Melampyrum pratense,3,19
Melica uniflora,1,5
Menegazzia terebrata,1,13
Mentha aquatica,8,20
Menyanthes trifoliata,48,99
Mercurialis annua,1,13
Mercurialis perennis,2,27
Metzgeria fruticulosa,3,16
Metzgeria furcata,12,41
Metzgeria pubescens,3,10
Mimulus guttatus,2,2
Mnium hornum,15,97
Mnium longirostrum,1,5
Mnium pseudopunctatum,5,22
Mnium punctatum,9,38
Mnium rugicum,1,10
Mnium seligeri,2,17
Mnium undulatum,12,39
Molinia caerulea,96,208
Montia fontana ssp. fontana,7,14
Mylia anomala,4,28
Mylia taylori,12,51
Myosotis alpestris,1,14
Myosotis discolor,1,5
Myosotis palustris,1,11
Myosotis scorpioides,12,30
Myrica gale,40,73
Myriophyllum alterniflorum,9,30
N. crispa,4,14
Nardia scalaris,2,15
Nardostachys jatamansi,1,8
Nardus stricta,23,105
Narthecium ossifragum,64,108
Neckera complanata,8,32
Neckera crispa,6,26
Nephroma laevigatum,1,13
Normandina pulchella,2,13
Nowellia curvifolia,8,12
Nymphaea alba,11,27
O. tartarea,2,7
Ochrolechia parella,3,7
Odontoschisma sphagni,14,42
Oenanthe crocata,2,2
Oligotrichum hercynicum,5,16
Oncophorus virens,2,14
Orchis mascula,1,7
Orthothecium rufescens,11,50
Orthotrichum anomalum,3,5
Orthotrichum rupestre,1,5
Osmunda regalis,1,7
Oxalis acetosella,35,70
Oxyria digyna,5,15
P. epiphylla,2,14
P. laevigata,4,16
P. lanceolata,2,12
P. lonchitis,3,14
P. major,8,8
P. maritima,45,86
P. omphalodes,7,7
P. palustris,5,17
P. physodes,3,3
P. piliferum,0,11
P. piliforme,0,17
P. plumbea,6,13
P. polygonifolius,9,27
P. rubiginosa,5,13
P. saxatilis,11,23
P. spinulosa,15,37
P. stolonacea,0,11
P. sylvatica,2,10
P. tridenticulata,2,13
P. undulatum,6,13
P. vulgaris,20,22
Palustriella fontana,1,14
Pannaria pezizoides,5,13
Paris quadrifolia,1,5
Parmelia crinita,1,13
Parmelia glabratula,3,3
Parmeliella atlantica,4,13
Parmeliella corallinoides,1,13
Parnassia palustris,11,41
Pedicularis palustris,21,65
Pedicularis sylvatica,21,59
Pellia endiviifolia,3,14
Pellia epiphylla,12,59
Pellia neesiana,6,15
Pellia sp.,1,8
Peltigera canina,8,37
Phalaris arundinacea,2,2
Philonotis calcarea,3,22
Philonotis fontana,14,37
Phleum boreale,1,12
Phleum pratense,1,12
Phragmites communis,10,33
Phyllitis scolopendrium,9,19
Pinguicula lusitanica,5,28
Pinguicula vulgaris,51,153
Plagiochila asplenioides,17,37
Plagiochila asplenoides,7,20
Plagiochila carringtonii,1,11
Plagiochila punctata,18,26
Plagiochila spinulosa,27,45
Plagiochila undulata,1,5
Plagiochilum undulatum,5,32
Plagiothecium bifolium,1,11
Plagiothecium undulatum,1,7
Plantago coronopus,7,43
Plantago lanceolata,41,89
Plantago maritima,14,57
Platanthera bifolia,1,7
Platanthera chlorantha,1,12
Plectocolea hyalina,3,17
Pleurozia purpurea,34,60
Pleurozium commune,1,7
Pleurozium schreberi,40,168
Plilium crista-castrensis,2,6
Poa annua,5,8
Poa glauca,2,4
Poa pratensis,10,43
Poa subcaerulea,4,14
Poa trivialis,2,9
Pohlia cruda,3,21
Pohlia wahlenbergii var. glacialis,1,8
Polygala serpyllifolia,35,162
Polygala vulgaris,2,17
Polygon vulgare,0,17
Polygonum persicaria,2,9
Polygonum viviparum,3,5
Polypodium vulgare,5,39
Polystichum aculeatum,11,33
Polystichum lonchitis,2,12
Polytrichum alpinum,2,63
Polytrichum commune,11,49
Polytrichum formosum,17,64
Polytrichum piliferum,1,14
Polytrichum urnigerum,1,4
Porella laevigata,1,5
Potamogeton coloratus,1,6
Potamogeton gramineus,1,6
Potamogeton lucens,1,7
Potamogeton natans,12,27
Potamogeton perfoliatus,2,15
Potamogeton polygonifolius,20,70
Potentilla anserina,6,14
Potentilla erecta,137,311
Potentilla palustris,15,39
Preissia quadrata,11,25
Primula vulgaris,13,75
Protoblastenia rupestris,1,5
Prunella vulgaris,36,125
Prunus padus,1,5
Prunus spinosa,1,13
Pseudocyphellaria crocata,1,13
Pseudocyphellaria thouarsii,5,13
Pseudoscleropodium purum,13,93
Pteridium aquilinum,18,70
Pterogonium gracile,2,7
Ptilidium ciliare,3,22
Ptilium crista-castrensis,2,14
Ptychomitrium polyphyllum,3,7
Puccinellia maritima,12,12
Pyrenula nitida,3,16
R. ellipticum,1,4
R. fasciculare,0,6
R. ficaria,0,13
R. flammula,5,20
R. heterostichum,11,43
R. lanuginosum,1,18
R. obtusifolius,2,8
R. palmata,7,12
R. repens,1,1
R. sinuata,2,11
R. squarrosus,5,44
R. triquetrum,0,14
R. triquetrus,18,35
Radula complanata,7,13
Ramalina fastigiata,3,3
Ramalina siliquosa,6,9
Ranunculus acris,32,90
Ranunculus flammula,36,91
Ranunculus repens,29,37
Rhacomitrium aquaticum,6,6
Rhacomitrium canescens,2,4
Rhacomitrium fasciculare,8,12
Rhacomitrium heterostichum,1,4
Rhacomitrium lanuginosum,115,199
Rhinanthus minor,3,11
Rhinanthus minor agg.,3,21
Rhinanthus minor ssp. stenophyllus,3,10
Rhynchospora alba,15,50
Rhytidiadelphus loreus,76,194
Rhytidiadelphus squarrosus,20,59
Rhytidiadelphus triquetrus,5,10
Riccardia latifrons,7,27
Riccardia multifida,2,21
Riccardia pinguis,23,81
Riccardia sinuata,3,16
Robus saxatilis,1,8
Rorippa nasturtium-aquaticum,2,2
Rosa pimpinellifolia,3,5
Rubus fruticosus agg.,1,5
Rubus saxatilis,10,38
Rumex acetosa,19,107
Rumex acetosella,3,8
Rumex crispus,2,7
Rumex crispus var. triangulatus,8,9
Rumex obtusifolius,3,16
S. compactum,10,30
S. cuspidatum,5,15
S. imbricatum,11,45
S. limbata,4,13
S. magellanicum,8,20
S. oppositifolia,7,11
S. ornithopodioides,0,17
S. ornithopodoides,0,13
S. palustre,45,78
S. papillosum,28,55
S. plumulosum,29,114
S. pulchrum,2,5
S. quinquefarium,4,6
S. recurvum,28,54
S. rubellum,32,52
S. saginoides,2,14
S. squarrosum,3,5
S. stellaris,1,4
S. strictum,6,24
S. subsecundum,25,48
S. sylvatica,9,13
S. tenellum,22,57
S. teres,3,5
S. umbrosa,9,18
S. warnstorfianum,2,5
Saccogyna viticulosa,11,13
Sagina maritima,2,17
Sagina procumbens,9,32
Sagina subulata,3,4
Salix atrocinerea,2,14
Salix aurita,7,27
Salix herbacea,4,45
Salix repens,2,10
Sanicula europaea,9,44
Saussurea alpina,4,27
Sauteria viliculosa,1,6
Saxifraga aizoides,17,59
Saxifraga hypnoides,2,9
Saxifraga stellaris,11,14
Scapania aspera,11,42
Scapania gracilis,44,133
Scapania irrigua,1,8
Scapania nemorea,1,6
Scapania paludosa,1,8
Scapania undulata,15,32
Schoenoplectus lacustris,10,21
Schoenus nigricans,32,88
Scirpus maritimus,7,14
Scorpidium scorpioides,38,66
Sedum acre,2,2
Sedum anglicum,7,21
Sedum rosa,1,11
Sedum rosea,20,43
Selaginella selaginoides,54,153
Senecio aquaticus,2,15
Senecio jacobaea,4,22
Senecio jacobea,2,2
Senecio vulgaris,1,5
Sibbaldia procumbens,2,18
Sieglingia decumbens,6,22
Silene acaulis,9,40
Silene dioica,8,12
Silene maritima,2,5
Silene vulgaris,1,12
Solenostoma cordifolium,5,14
Solenostoma sphaerocarpoidea,1,7
Solenostoma triste,1,4
Solidago virgaurea,10,94
Solorina saccata,3,19
Sonchus arvensis,2,9
Sonchus asper,2,2
Sorbus aucuparia,29,58
Sparganium angustifolium,5,13
Sparganium minimum,4,20
Spergularia media,5,29
Sphaerophorus globosus,3,41
Sphagnum capillaceum,17,35
Sphagnum capillaeum,15,28
Sphagnum compactum,18,23
Sphagnum contortum,12,41
Sphagnum cuspidatum,6,11
Sphagnum fimbriatum,0,13
Sphagnum fuscum,2,20
Sphagnum girgensohnii,2,8
Sphagnum palustre,8,35
Sphagnum papillosum,1,5
Sphagnum plumulosum,4,30
Sphagnum quinquefarium,5,18
Sphagnum recurvum,3,25
Sphagnum robustum,1,6
Sphagnum sp.,0,12
Sphagnum squarrosum,2,8
Sphagnum strictum,1,8
Sphagnum subsecundum var. inundatum,2,16
Sphagnum tenellum,1,11
Sphagnum teres,1,7
Sphagnum warnstorfianum,1,11
Splachnum ampullaceum,8,41
Splachnum sphaericum,1,11
Stachys sylvatica,1,5
Stellaria alsine,9,20
Stellaria media,9,14
Stenocybe pullatula,1,3
Stereocaulon vesuvianum,1,47
Sticta fuliginosa,11,26
Succisa pratensis,49,169
T. exsectiformis,2,12
T. limbosperma,3,5
T. phegopteris,0,12
T. repens,18,27
T. tamariscinum,20,59
Taraxacum officinale agg.,11,61
Tetraphis pellucida,7,12
Tetraplodon mnioides,1,14
Teucrium scordonia,3,21
Teucrium scorodonia,5,5
Thaidium delicatulum,0,6
Thalictrum alpinum,15,82
Thalictrum minus,2,2
Thamnium alopecurum,8,24
Thelotrema lepadinum,1,13
Thelypteris dryopteris,1,5
Thelypteris limbosperma,11,45
Thelypteris phegopteris,1,18
Thuidium delicatulum,28,64
Thuidium tamariscinum,22,92
Thymus drucei,48,193
Tortella tortuosa,14,57
Tortula muralis,1,5
Tortula ruraliformis,2,2
Trichocolea tomentella,3,49
Trichophorum cespitosum,58,103
Trichostomum brachydontium,8,38
Trichostomum crispulum,6,19
Trichostomum hibernicum,0,14
Trichostomum tenuirostre,1,6
Trifolium pratense,21,27
Trifolium repens,12,51
Triglochin maritima,14,31
Triglochin palustre,11,49
Tripleurospermum maritimum,9,17
Trisetum flavescens,1,12
Tritomaria exsecta,3,12
Tritomaria quinquedentata,1,7
Trollius europaeus,15,42
Tussilago farfara,1,5
U. crispa,13,13
U. phyllantha,11,13
U. vittata,7,13
Ulmus glabra,2,5
Ulota bruchii,13,13
Ulota hutchinsiae,2,7
Ulota phyllantha,3,3
Urtica dioica,5,12
Usnea fragilescens,1,13
Usnea rubiginea,1,13
Usnea subfloridana,2,3
Utricularia intermedia,2,13
Utricularia minor,15,68
Utricularia vulgaris agg.,1,2
V. riviniana,1,9
V. vitis-idaea,1,54
Vaccinium myrtillus,42,134
Vaccinium vitis-idaea,2,16
Valeriana officinalis,13,45
Veronica beccabunga,2,2
Veronica chamaedrys,2,22
Veronica filiformis,1,12
Veronica officinalis,1,8
Veronica serpyllifolia,2,21
Viburnum opulus,2,5
Vicia cracca,3,22
Vicia sepium,7,17
Viola palustris,16,66
Viola riviana,9,28
Viola riviniana,31,98
Viola sepium,1,7
Xanthoria parietina,4,9
Zygodon conoideus,1,13
Zygodon viridissimus,1,3
†Campylopus atrovirens,5,9
†Cochlearia officinalis agg.,2,14
†Hypnum cupressiforme,17,35
†Rhacomitrium lanuginosum,3,5
†S. subsecundum,13,33
†S. tenellum,1,11
‡C. flexuosus,6,14
‡Hypnum cupressiforme,2,9
‡S. subsecundum,10,15
‡Sphagnum subsecundum,7,14
